model,elpd_diff,se_diff,elpd_waic,se_elpd_waic,p_waic,se_p_waic,waic,se_waic
asym-III,0,0,-136632.916958636,202.384590775646,749.652929796803,5.2404065748847,273265.833917271,404.769181551291
asym-II,-89.5185193699909,18.6515756724758,-136722.435478003,201.855090009495,744.238170711745,5.17734676261624,273444.870956007,403.710180018989
asym-I,-5214.99200400357,109.886759926134,-141847.908962636,183.362412109011,655.313215288449,3.95313046366161,283695.817925272,366.724824218022
